Workbook

Sheet Dashboard
A1: CAPA METRICS DASHBOARD
A3: SUMMARY METRICS
A4: Total CAPAs | B4: =COUNTA('CAPA Tracker'!E6:E20) -> 1
A5: Open CAPAs | B5: =COUNTIFS('CAPA Tracker'!M6:M20,"Open")+COUNTIFS('CAPA Tracker'!M6:M20,"In Progress") -> 1
A6: Closed CAPAs | B6: =COUNTIF('CAPA Tracker'!M6:M20,"Closed") -> 0
A7: Overdue CAPAs | B7: =COUNTIF('CAPA Tracker'!O6:O20,"YES") -> 1
A8: Avg Days to Close | B8: =IFERROR(AVERAGEIF('CAPA Tracker'!M6:M20,"Closed",'CAPA Tracker'!N6:N20),0) -> 0
A9: % Closed On Time | B9: =IFERROR((COUNTIF('CAPA Tracker'!M6:M20,"Closed")-COUNTIF('CAPA Tracker'!O6:O20,"WAS LATE"))/COUNTIF('CAPA Tracker'!M6:M20,"Closed"),0) -> 0
A11: BREAKDOWN BY STATUS | D11: BREAKDOWN BY TYPE
A12: Open | B12: =COUNTIF('CAPA Tracker'!M6:M20,"Open") -> 0 | D12: Corrective | E12: =COUNTIF('CAPA Tracker'!D6:D20,"Corrective") -> 1
A13: In Progress | B13: =COUNTIF('CAPA Tracker'!M6:M20,"In Progress") -> 1 | D13: Preventive | E13: =COUNTIF('CAPA Tracker'!D6:D20,"Preventive") -> 0
A14: Awaiting Verification | B14: =COUNTIF('CAPA Tracker'!M6:M20,"Awaiting Verification") -> 0 | D14: Both | E14: =COUNTIF('CAPA Tracker'!D6:D20,"Both") -> 0
A15: Closed | B15: =COUNTIF('CAPA Tracker'!M6:M20,"Closed") -> 0
A16: Cancelled | B16: =COUNTIF('CAPA Tracker'!M6:M20,"Cancelled") -> 0

Sheet CAPA Tracker
A1: CORRECTIVE AND PREVENTIVE ACTION (CAPA) TRACKER
A2: AS9100 / ISO 9001 Compliant - Nonconformance Management System
A3: Instructions: Blue text = User input required | Black text = Auto-calculated | Status updates trigger workflow
A5: CAPA ID | B5: Date Opened | C5: Source | D5: Type | E5: Nonconformance Description | F5: Root Cause | G5: Containment Action | H5: Corrective Action | I5: Preventive Action | J5: Responsible Person | K5: Target Date | L5: Completion Date | M5: Status | N5: Days Open | O5: Overdue? | P5: Verification Status
A6: =IF(E6<>"","CAPA-"&TEXT(ROW()-5,"0000"),"") -> CAPA-0001 | B6: 46006 | C6: Internal Audit | D6: Corrective | E6: Control plan missing critical characteristic for bearing assembly process | F6: 8D analysis revealed inadequate process FMEA - critical feature severity rating was incorrect | G6: 100% inspection implemented on lot XYZ-789 pending PFMEA revision | H6: Revise PFMEA for bearing assembly (Doc# PFMEA-BA-001 Rev C). Update control plan per AIAG guidelines. | I6: Train quality engineers on PFMEA severity rating criteria. Add PFMEA review to new product introduction checklist. | J6: J. Smith (Quality Mgr) | K6: 46053 | M6: In Progress | N6: =IF(AND(B6<>"",L6=""),TODAY()-B6,IF(AND(B6<>"",L6<>""),L6-B6,"")) -> 55 | O6: =IF(AND(K6<>"",L6="",TODAY()>K6),"YES",IF(AND(K6<>"",L6<>"",L6>K6),"WAS LATE","")) -> YES | P6: Pending
A7: =IF(E7<>"","CAPA-"&TEXT(ROW()-5,"0000"),"") | N7: =IF(AND(B7<>"",L7=""),TODAY()-B7,IF(AND(B7<>"",L7<>""),L7-B7,"")) | O7: =IF(AND(K7<>"",L7="",TODAY()>K7),"YES",IF(AND(K7<>"",L7<>"",L7>K7),"WAS LATE",""))
A8: =IF(E8<>"","CAPA-"&TEXT(ROW()-5,"0000"),"") | N8: =IF(AND(B8<>"",L8=""),TODAY()-B8,IF(AND(B8<>"",L8<>""),L8-B8,"")) | O8: =IF(AND(K8<>"",L8="",TODAY()>K8),"YES",IF(AND(K8<>"",L8<>"",L8>K8),"WAS LATE",""))
A9: =IF(E9<>"","CAPA-"&TEXT(ROW()-5,"0000"),"") | N9: =IF(AND(B9<>"",L9=""),TODAY()-B9,IF(AND(B9<>"",L9<>""),L9-B9,"")) | O9: =IF(AND(K9<>"",L9="",TODAY()>K9),"YES",IF(AND(K9<>"",L9<>"",L9>K9),"WAS LATE",""))
A10: =IF(E10<>"","CAPA-"&TEXT(ROW()-5,"0000"),"") | N10: =IF(AND(B10<>"",L10=""),TODAY()-B10,IF(AND(B10<>"",L10<>""),L10-B10,"")) | O10: =IF(AND(K10<>"",L10="",TODAY()>K10),"YES",IF(AND(K10<>"",L10<>"",L10>K10),"WAS LATE",""))
A11: =IF(E11<>"","CAPA-"&TEXT(ROW()-5,"0000"),"") | N11: =IF(AND(B11<>"",L11=""),TODAY()-B11,IF(AND(B11<>"",L11<>""),L11-B11,"")) | O11: =IF(AND(K11<>"",L11="",TODAY()>K11),"YES",IF(AND(K11<>"",L11<>"",L11>K11),"WAS LATE",""))
A12: =IF(E12<>"","CAPA-"&TEXT(ROW()-5,"0000"),"") | N12: =IF(AND(B12<>"",L12=""),TODAY()-B12,IF(AND(B12<>"",L12<>""),L12-B12,"")) | O12: =IF(AND(K12<>"",L12="",TODAY()>K12),"YES",IF(AND(K12<>"",L12<>"",L12>K12),"WAS LATE",""))
A13: =IF(E13<>"","CAPA-"&TEXT(ROW()-5,"0000"),"") | N13: =IF(AND(B13<>"",L13=""),TODAY()-B13,IF(AND(B13<>"",L13<>""),L13-B13,"")) | O13: =IF(AND(K13<>"",L13="",TODAY()>K13),"YES",IF(AND(K13<>"",L13<>"",L13>K13),"WAS LATE",""))
A14: =IF(E14<>"","CAPA-"&TEXT(ROW()-5,"0000"),"") | N14: =IF(AND(B14<>"",L14=""),TODAY()-B14,IF(AND(B14<>"",L14<>""),L14-B14,"")) | O14: =IF(AND(K14<>"",L14="",TODAY()>K14),"YES",IF(AND(K14<>"",L14<>"",L14>K14),"WAS LATE",""))
A15: =IF(E15<>"","CAPA-"&TEXT(ROW()-5,"0000"),"") | N15: =IF(AND(B15<>"",L15=""),TODAY()-B15,IF(AND(B15<>"",L15<>""),L15-B15,"")) | O15: =IF(AND(K15<>"",L15="",TODAY()>K15),"YES",IF(AND(K15<>"",L15<>"",L15>K15),"WAS LATE",""))
A16: =IF(E16<>"","CAPA-"&TEXT(ROW()-5,"0000"),"") | N16: =IF(AND(B16<>"",L16=""),TODAY()-B16,IF(AND(B16<>"",L16<>""),L16-B16,"")) | O16: =IF(AND(K16<>"",L16="",TODAY()>K16),"YES",IF(AND(K16<>"",L16<>"",L16>K16),"WAS LATE",""))
A17: =IF(E17<>"","CAPA-"&TEXT(ROW()-5,"0000"),"") | N17: =IF(AND(B17<>"",L17=""),TODAY()-B17,IF(AND(B17<>"",L17<>""),L17-B17,"")) | O17: =IF(AND(K17<>"",L17="",TODAY()>K17),"YES",IF(AND(K17<>"",L17<>"",L17>K17),"WAS LATE",""))
A18: =IF(E18<>"","CAPA-"&TEXT(ROW()-5,"0000"),"") | N18: =IF(AND(B18<>"",L18=""),TODAY()-B18,IF(AND(B18<>"",L18<>""),L18-B18,"")) | O18: =IF(AND(K18<>"",L18="",TODAY()>K18),"YES",IF(AND(K18<>"",L18<>"",L18>K18),"WAS LATE",""))
... A20: =IF(E20<>"","CAPA-"&TEXT(ROW()-5,"0000"),"") | N20: =IF(AND(B20<>"",L20=""),TODAY()-B20,IF(AND(B20<>"",L20<>""),L20-B20,"")) | O20: =IF(AND(K20<>"",L20="",TODAY()>K20),"YES",IF(AND(K20<>"",L20<>"",L20>K20),"WAS LATE",""))

Sheet Validation Lists
A1: Internal Audit | B1: Corrective | C1: Open | D1: Pending
A2: External Audit | B2: Preventive | C2: In Progress | D2: Verified Effective
A3: Customer Complaint | B3: Both | C3: Awaiting Verification | D3: Not Effective - Reopen
A4: Supplier Issue | C4: Closed | D4: N/A
A5: Production Nonconformance | C5: Cancelled
A6: Management Review
A7: Employee Suggestion
A8: Regulatory Finding
A9: Risk Assessment
A10: Other
